snp,pval,coef
1-7292704,2.48434678067168e-201,-0.184795593102518
1-7657668,2.48434678067168e-201,-0.0117605391656998
1-29882724,2.48434678067168e-201,-0.135624269795661
1-70926609,2.48434678067168e-201,-0.0761248592037329
1-140746117,2.48434678067168e-201,-0.0823984555173563
2-69674102,2.48434678067168e-201,-0.114999987207353
2-75698884,2.48434678067168e-201,0.150835804750919
2-85801946,2.48434678067168e-201,-0.16957833479807
4-29284264,2.48434678067168e-201,0.0675144151418722
4-67516885,2.48434678067168e-201,-0.238856082155991
4-80764043,2.48434678067168e-201,0.0375793652805513
4-178062307,2.48434678067168e-201,-0.173938272237509
5-61563267,2.48434678067168e-201,-0.385633879538147
5-78579434,2.48434678067168e-201,-0.234420739481716
5-183660609,2.48434678067168e-201,0.0874454178041972
5-184921588,2.48434678067168e-201,0.214078493196864
5-212416487,2.48434678067168e-201,-0.0896923023901357
5-213785325,2.48434678067168e-201,-0.0794244780917415
6-60846648,2.48434678067168e-201,0.0884101025210841
6-75110577,2.48434678067168e-201,-0.687982932430145
6-123931287,2.48434678067168e-201,-0.052767978315672
6-149182317,2.48434678067168e-201,-0.332443173668071
7-60461311,2.48434678067168e-201,-0.187008099291876
7-78927686,2.48434678067168e-201,-0.38971682178206
8-72375566,2.48434678067168e-201,-0.39811208055302
8-78125197,2.48434678067168e-201,0.114559497626436
8-83265754,2.48434678067168e-201,-0.131347342778958
8-87263906,2.48434678067168e-201,-0.112462745646651
8-158925048,2.48434678067168e-201,-0.266551516152232
9-1075696,2.48434678067168e-201,-0.0152623352616571
9-49945898,2.48434678067168e-201,0.160506037949162
9-70577129,2.48434678067168e-201,0.157811816187369
9-92427054,2.48434678067168e-201,-0.133913768281895
10-90347363,2.48434678067168e-201,-0.0155610726124797
10-101269124,2.48434678067168e-201,0.276646592546968
10-124241693,2.48434678067168e-201,0.23481183958965
