snp,pval,coef
4-102613116,4.42814440642427e-141,-0.222275918341148
4-189763479,4.42814440642427e-141,0.188376742382714
6-75110577,4.42814440642427e-141,-0.620664740036555
