snp,pval,coef
4-102613116,1.19646216501363e-171,-0.205072401987401
4-142422198,1.19646216501363e-171,0.0637848215409333
4-184962925,1.19646216501363e-171,-0.144653737627468
4-189763479,1.19646216501363e-171,0.197909967466012
5-75222592,1.19646216501363e-171,-0.05971628765472
6-75110577,1.19646216501363e-171,-0.6159838501568
7-60461311,1.19646216501363e-171,-0.0905751270182004
7-78850638,1.19646216501363e-171,-0.0853652013535022
10-128879287,1.19646216501363e-171,-0.0618629711775184
