snp,pval,coef
1-7292704,5.86200181185026e-199,-0.171960741536623
1-7657668,5.86200181185026e-199,-0.0379698787118925
1-29882724,5.86200181185026e-199,-0.117814338337766
1-70926609,5.86200181185026e-199,-0.0821959598730756
1-140746117,5.86200181185026e-199,-0.0647917664196465
1-195185716,5.86200181185026e-199,0.0380432735517608
2-69674102,5.86200181185026e-199,-0.111190834337237
2-75698884,5.86200181185026e-199,0.131630183199383
2-85801946,5.86200181185026e-199,-0.15755220271522
4-29284264,5.86200181185026e-199,0.0840394142891909
4-67516885,5.86200181185026e-199,-0.272444459095204
4-80764043,5.86200181185026e-199,0.0776547234058507
4-178062307,5.86200181185026e-199,-0.178857171536113
5-61563267,5.86200181185026e-199,-0.380776261873198
5-78579434,5.86200181185026e-199,-0.218135806559798
5-183660609,5.86200181185026e-199,0.0785088883021662
5-184921588,5.86200181185026e-199,0.224581115690538
5-212416487,5.86200181185026e-199,-0.0795587145476378
5-213785325,5.86200181185026e-199,-0.0566652254978745
6-60846648,5.86200181185026e-199,0.0902856723579123
6-75110577,5.86200181185026e-199,-0.706937929797093
6-123931287,5.86200181185026e-199,-0.0802989319103272
6-149182317,5.86200181185026e-199,-0.328556917770708
7-60461311,5.86200181185026e-199,-0.206038901113424
7-78927686,5.86200181185026e-199,-0.421006399272405
8-72375566,5.86200181185026e-199,-0.392757154517203
8-78125197,5.86200181185026e-199,0.108902142364402
8-83265754,5.86200181185026e-199,-0.164918103398949
8-87263906,5.86200181185026e-199,-0.112464755989908
8-158925048,5.86200181185026e-199,-0.243358157407977
9-1075696,5.86200181185026e-199,-0.041638543135686
9-49945898,5.86200181185026e-199,0.14641670319697
9-70577129,5.86200181185026e-199,0.193900040258598
9-92427054,5.86200181185026e-199,-0.107652313266054
10-90347363,5.86200181185026e-199,-0.020702379531428
10-101269124,5.86200181185026e-199,0.272550434893858
10-124241693,5.86200181185026e-199,0.244111291083094
