snp,pval,coef
1-19814271,2.64594528331876e-31,0.239212222497343
1-228398230,2.64594528331876e-31,0.276309753698207
1-264031946,2.64594528331876e-31,0.353926212662219
3-17049583,2.64594528331876e-31,0.23971045260661
3-178607507,2.64594528331876e-31,-0.289536103600077
3-196981759,2.64594528331876e-31,0.50208993343505
3-203275585,2.64594528331876e-31,-0.301129185617667
4-13011948,2.64594528331876e-31,-0.190929926121414
4-145346738,2.64594528331876e-31,-0.292477754491055
5-75830400,2.64594528331876e-31,-0.373307208904547
6-168274812,2.64594528331876e-31,0.337422752952321
7-52900582,2.64594528331876e-31,-0.235437801646889
7-147176164,2.64594528331876e-31,0.416660277149164
8-49478197,2.64594528331876e-31,-0.51889460906153
