snp,pval,coef
4-102613116,1.33974853387736e-128,-0.216390508504868
4-189763479,1.33974853387736e-128,0.184284013476846
6-75110577,1.33974853387736e-128,-0.602273108716065
