snp,pval,coef
4-102613116,9.66894731186004e-105,-0.211933891843458
4-189763479,9.66894731186004e-105,0.195386443313107
6-75110577,9.66894731186004e-105,-0.578925487704241
