id,e2m,m2y,e2m2y,padj,coef
V1,1.94167752259642e-51,0.457745967582801,0.457745967582801,0.457745967582801,0.0527431712668602
V48,3.88274860255024e-82,0.000603999218380169,0.000603999218380169,0.00120799843676034,0.231395416758789
V237,1.01883352887061e-74,8.01088924085036e-07,8.01088924085036e-07,4.80653354451022e-06,-0.350434379977912
V498,1.03477708060424e-71,5.04189932595267e-05,5.04189932595267e-05,0.000201675973038107,-0.287241476036331
V788,6.06015188279588e-82,1.92127828209099e-05,1.92127828209099e-05,9.60639141045494e-05,-0.290887925865558
V976,9.83692551895957e-32,0.000112383522574033,0.000112383522574033,0.0003371505677221,0.268930157127313
