id,e2m,m2y,e2m2y,padj,coef
V237,1.01883352887061e-74,9.04954610181363e-06,9.04954610181363e-06,9.04954610181363e-06,-0.280328207094714
