id,e2m,m2y,e2m2y,padj,coef
V1,1.11306661971575e-101,0.617229259123267,0.617229259123267,0.617229259123267,0.00455656547510562
V178,8.3048750345888e-177,0,8.3048750345888e-177,4.98292502075328e-176,0.273322306865482
V237,5.36215844179869e-145,0,5.36215844179869e-145,2.68107922089934e-144,-0.327558639005025
V392,0,0,0,0,-0.337562646586933
V486,5.78559075188851e-134,0,5.78559075188851e-134,2.31423630075541e-133,0.294120316590089
V611,7.8517472965201e-237,0.00517482186661389,0.00517482186661389,0.0103496437332278,0.0337111456050961
V1121,5.12603686300436e-105,0,5.12603686300436e-105,1.53781105890131e-104,-0.271093004527191
