id,e2m,m2y,e2m2y,padj,coef
V178,2.21338261688908e-05,0,2.21338261688908e-05,0.000110669130844454,0.310087560420676
V237,4.29863058981881e-09,0,4.29863058981881e-09,3.00904141287316e-08,-0.313092327244234
V371,3.34026849481139e-05,1.29780941549029e-09,3.34026849481139e-05,0.000133610739792456,-0.143145261043491
V392,0.00461628366810252,0,0.00461628366810252,0.00923256733620503,-0.338025227908441
V486,0.012078515219635,0,0.012078515219635,0.012078515219635,0.33176934610557
V954,0.000451999398784264,7.52604636389265e-08,0.000451999398784264,0.00135599819635279,0.107150381734425
V1121,6.4513850928094e-08,0,6.4513850928094e-08,3.87083105568564e-07,-0.284329975982896
