id,e2m,m2y,e2m2y,padj,coef
V14,0,0.0191728844708885,0.0191728844708885,0.076691537883554,-0.0270301850921399
V17,1.93746048194556e-35,0.000443155268369022,0.000443155268369022,0.00265893161021413,0.0842257588644613
V36,3.62913099593406e-48,0.0783961435949541,0.0783961435949541,0.105373746836449,0.031054982628154
V56,1.11341502329921e-305,0.0255723807203612,0.0255723807203612,0.0767171421610835,-0.0296427047835018
V76,1.91339068217438e-142,0.0526868734182246,0.0526868734182246,0.105373746836449,0.0155133449422593
V95,7.29711011119654e-69,0.00676116715122799,0.00676116715122799,0.0338058357561399,-0.0195336797332974
