pmed.pure,v.tot,v.med,v.dir,n.med,pval.cut
0.948165386808554,138.387568408215,131.21430232927,2.41953930509968,4,0.05
