pmed.pure,v.tot,v.med,v.dir,n.med,pval.cut
0.920837835315416,617.033203921115,568.187519816456,30.2074122058041,7,0.05
