pmed.pure,v.tot,v.med,v.dir,n.med,pval.cut
0.923449964813347,616.09124464783,568.929438191849,29.3181491376583,7,0.05
