pmed.pure,v.tot,v.med,v.dir,n.med,pval.cut,n.direct
0.75490463620509,725.156805452082,547.42423441145,120.049383349203,9,0.05,3
