pmed.pure,v.tot,v.med,v.dir,n.med,pval.cut,n.direct
0.115578721136189,616.696021088033,71.2769374471311,500.323343946322,1,0.05,14
