pmed.pure,v.tot,v.med,v.dir,n.med,pval.cut
0.920839178669273,617.03018033694,568.185564475621,30.2059624845967,7,0.05
