pmed.pure,v.tot,v.med,v.dir,n.med,pval.cut,n.direct
0.685373113000109,737.413713775979,505.403532579614,156.928378222842,6,0.05,9
