pmed.pure,v.tot,v.med,v.dir,n.med,pval.cut
0.999999999949563,65.7949589947027,65.7949589913842,7.85208454241738e-16,6,0.05
