pmed.pure,v.tot,v.med,v.dir,n.med,pval.cut,n.direct
0.115578721136191,616.696021088027,71.2769374471314,500.323343946317,1,0.05,14
