pmed.pure,v.tot,v.med,v.dir,n.med,pval.cut
0.948165386785724,138.387568414001,131.214302331597,2.41953930685307,4,0.05
