pmed.pure,v.tot,v.med,v.dir,n.med,pval.cut
0.999999999949563,65.7949589946849,65.7949589913664,7.85208454241645e-16,6,0.05
